Name,Team,Season,O-Swing%,Z-Swing%,O-Contact%,Z-Contact%,Soft%,Hard%
Fernando Tatis Jr.,SDP,2021,0.33257919,0.80613497,0.47845805,0.8021309,0.14893617,0.48024316
Aaron Judge,NYY,2021,0.27028676,0.67487685,0.56659142,0.84233577,0.08564232,0.46851385
Miguel Sanó,MIN,2021,0.29433681,0.68464244,0.43037975,0.80136986,0.14930556,0.45486111
Shohei Ohtani,LAA,2021,0.30147965,0.71987642,0.52760736,0.77253219,0.10857143,0.45142857
Joey Votto,CIN,2021,0.24657534,0.71459695,0.57098765,0.81554878,0.08,0.44923077
Salvador Perez,KCR,2021,0.48335467,0.78674699,0.5589404,0.8330781,0.13436123,0.43832599
Bryce Harper,PHI,2021,0.29436039,0.74524313,0.54205607,0.78865248,0.12777778,0.43333333
Tyler O'Neill,STL,2021,0.32075472,0.75088132,0.5140665,0.77308294,0.14150943,0.42767296
Vladimir Guerrero Jr.,TOR,2021,0.28288169,0.76104418,0.55841121,0.84036939,0.10685484,0.41733871
Giancarlo Stanton,NYY,2021,0.31802836,0.63597884,0.58386412,0.79700499,0.16011236,0.41573034
Paul Goldschmidt,STL,2021,0.28148615,0.66092943,0.71588367,0.81119792,0.12076271,0.41313559
Mookie Betts,LAD,2021,0.22857143,0.64567769,0.68243243,0.93057851,0.13766234,0.41038961
Manny Machado,SDP,2021,0.32864545,0.7102593,0.63738739,0.8968254,0.15433404,0.40803383
Justin Turner,LAD,2021,0.28032899,0.68389662,0.7408313,0.89825581,0.11337868,0.40589569
Yoán Moncada,CHW,2021,0.27190722,0.65517241,0.57582938,0.84356725,0.14520548,0.40547945
Nick Castellanos,CIN,2021,0.40354767,0.79873418,0.56776557,0.83201268,0.12019231,0.40384615
Josh Donaldson,MIN,2021,0.26252019,0.71476888,0.61538462,0.81545741,0.12250712,0.4017094
Rafael Devers,BOS,2021,0.36103723,0.79659319,0.66850829,0.79119497,0.172949,0.40133038
José Ramírez,CLE,2021,0.27478043,0.65679926,0.76484018,0.93239437,0.18297872,0.39787234
Yordan Alvarez,HOU,2021,0.30250348,0.62108559,0.62758621,0.91092437,0.12911392,0.39493671
Max Muncy,LAD,2021,0.19078474,0.62200957,0.58490566,0.86,0.12698413,0.39417989
Kyle Tucker,HOU,2021,0.30763179,0.82618262,0.69565217,0.88415446,0.10213777,0.39192399
Juan Soto,WSN,2021,0.1514154,0.6284658,0.62608696,0.88676471,0.15942029,0.39130435
Adolis García,TEX,2021,0.39706862,0.75471698,0.55369128,0.78157895,0.09207161,0.3887468
J.D. Martinez,BOS,2021,0.36904762,0.79754601,0.60151803,0.81666667,0.10588235,0.38823529
Freddie Freeman,ATL,2021,0.29698525,0.80673759,0.74082073,0.84395604,0.11717172,0.38383838
Ryan McMahon,COL,2021,0.29058562,0.7439846,0.58928571,0.80336352,0.12694301,0.38341969
Trevor Story,COL,2021,0.33473389,0.76156218,0.56694561,0.86099865,0.14285714,0.38265306
Nelson Cruz,- - -,2021,0.35143288,0.74885321,0.58583691,0.81470138,0.16161616,0.38131313
Pete Alonso,NYM,2021,0.35007174,0.71349558,0.63934426,0.86356589,0.15525114,0.37899543
Joey Gallo,- - -,2021,0.22101911,0.6753122,0.43804035,0.72688478,0.15034965,0.37762238
Willy Adames,- - -,2021,0.31550802,0.73574561,0.54237288,0.78986587,0.14035088,0.37719298
Josh Bell,WSN,2021,0.27446483,0.75514874,0.64902507,0.84242424,0.12,0.375
José Abreu,CHW,2021,0.35857605,0.66540999,0.60649819,0.85977337,0.12240185,0.37413395
Avisaíl García,MIL,2021,0.41816462,0.82234957,0.55656109,0.77700348,0.15072464,0.37391304
Mitch Haniger,SEA,2021,0.32959502,0.65410959,0.55954631,0.82853403,0.18954248,0.37254902
Miguel Cabrera,DET,2021,0.33246753,0.70568182,0.62239583,0.85185185,0.11570248,0.37190083
Tommy Pham,SDP,2021,0.19328358,0.62572534,0.58687259,0.86244204,0.13960114,0.37037037
Jorge Soler,- - -,2021,0.26980874,0.71338251,0.52405063,0.8478582,0.15343915,0.37037037
Jed Lowrie,OAK,2021,0.25573192,0.72969967,0.60689655,0.85518293,0.11898017,0.36827195
Kyle Seager,SEA,2021,0.32955304,0.73080569,0.57894737,0.81712062,0.16816143,0.367713
Javier Báez,- - -,2021,0.46604718,0.77391304,0.53067485,0.7340824,0.19003115,0.36760125
Teoscar Hernández,TOR,2021,0.34347181,0.77021277,0.52267819,0.81767956,0.12871287,0.36633663
Hunter Dozier,KCR,2021,0.34078212,0.7137637,0.45667447,0.87030717,0.12389381,0.36578171
Carlos Correa,HOU,2021,0.27001985,0.62784349,0.65441176,0.8942029,0.16891892,0.36486486
Andrew McCutchen,PHI,2021,0.22323462,0.67305752,0.57823129,0.83958021,0.15406162,0.36414566
Bo Bichette,TOR,2021,0.42482406,0.8076555,0.68674699,0.88862559,0.14792899,0.36291913
Matt Olson,OAK,2021,0.28266178,0.73832599,0.68466523,0.84128878,0.19438445,0.36285097
Kyle Farmer,CIN,2021,0.3884083,0.65707134,0.71492205,0.89904762,0.15306122,0.3622449
C.J. Cron,COL,2021,0.33707865,0.67873832,0.64666667,0.83820998,0.17086835,0.36134454
Kris Bryant,- - -,2021,0.3034789,0.76844495,0.54146341,0.86262925,0.16842105,0.36052632
Hunter Renfroe,BOS,2021,0.35075758,0.68197474,0.67170626,0.84680135,0.18891688,0.36020151
Adam Duvall,- - -,2021,0.37588652,0.67905405,0.57861635,0.85406302,0.1871345,0.35964912
Jared Walsh,LAA,2021,0.34398782,0.69426752,0.6659292,0.84250765,0.17847769,0.35958005
Marcus Semien,TOR,2021,0.25753101,0.71626016,0.6353211,0.89103292,0.15127701,0.35952849
J.T. Realmuto,PHI,2021,0.3314192,0.72291904,0.66089109,0.81388013,0.17765043,0.35816619
Jesús Aguilar,MIA,2021,0.31953642,0.62237762,0.63212435,0.84082397,0.14325069,0.35812672
Nathaniel Lowe,TEX,2021,0.26854892,0.67893836,0.66992665,0.85372005,0.14572864,0.35678392
Enrique Hernández,BOS,2021,0.27640449,0.68924731,0.60162602,0.87831513,0.15308642,0.35555556
Austin Riley,ATL,2021,0.34634761,0.74577954,0.62727273,0.82023968,0.19534884,0.35348837
Brandon Lowe,TBR,2021,0.33767173,0.79393305,0.54603854,0.7826087,0.17789757,0.35309973
Xander Bogaerts,BOS,2021,0.34083388,0.63380282,0.70873786,0.86666667,0.15839243,0.35224586
Andrew Benintendi,KCR,2021,0.34642234,0.74498886,0.71788413,0.84304933,0.11166253,0.34987593
Trea Turner,- - -,2021,0.30693069,0.73600746,0.63133641,0.88086185,0.16973415,0.34969325
Luis Urías,MIL,2021,0.29135053,0.69375,0.71614583,0.84984985,0.19047619,0.34920635
Austin Meadows,TBR,2021,0.2903693,0.71515768,0.6084788,0.86486486,0.17326733,0.3490099
Ozzie Albies,ATL,2021,0.38530928,0.8342803,0.69063545,0.81498297,0.14173228,0.3484252
Eugenio Suárez,CIN,2021,0.27474048,0.66067653,0.50629723,0.8544,0.15634218,0.3480826
Eduardo Escobar,- - -,2021,0.33756166,0.71979695,0.69311065,0.83638928,0.16901408,0.34741784
Yandy Díaz,TBR,2021,0.22747157,0.6843292,0.69615385,0.87479407,0.15364583,0.34635417
Pavin Smith,ARI,2021,0.28669528,0.59275521,0.70359281,0.92222222,0.20101781,0.34605598
Bryan Reynolds,PIT,2021,0.28426052,0.78213935,0.58711217,0.8782936,0.15124153,0.34537246
Michael Brantley,HOU,2021,0.28707224,0.67156863,0.83112583,0.9379562,0.13669065,0.34532374
Ian Happ,CHC,2021,0.26303855,0.68716289,0.52586207,0.79905808,0.15705128,0.34294872
Jonathan India,CIN,2021,0.25,0.58168761,0.60994764,0.86728395,0.15656566,0.34090909
Trey Mancini,BAL,2021,0.34139785,0.66530612,0.61614173,0.8297546,0.18599034,0.34057971
Ryan Mountcastle,BAL,2021,0.41502809,0.77382319,0.60067682,0.79821958,0.16315789,0.33947368
Carlos Santana,KCR,2021,0.26468769,0.68503214,0.68457944,0.85790885,0.17987152,0.33832976
Yuli Gurriel,HOU,2021,0.29767103,0.62200436,0.8190709,0.92469352,0.16877637,0.33755274
Tim Anderson,CHW,2021,0.40496575,0.81926278,0.63002114,0.8490566,0.1393643,0.33740831
Nolan Arenado,STL,2021,0.33014354,0.67346939,0.70393375,0.92727273,0.1765873,0.33730159
Randal Grichuk,TOR,2021,0.35726644,0.74764151,0.61743341,0.90536278,0.16708229,0.33665835
Charlie Blackmon,COL,2021,0.29372385,0.69514768,0.68376068,0.88163885,0.19483568,0.33568075
Ty France,SEA,2021,0.34086097,0.73797339,0.68322981,0.9223301,0.17197452,0.33545648
Jeimer Candelario,DET,2021,0.32262295,0.70294118,0.6402439,0.87726639,0.17298578,0.33412322
Jorge Polanco,MIN,2021,0.33379694,0.70980019,0.6875,0.89812332,0.1407563,0.33403361
Cedric Mullins,BAL,2021,0.30020562,0.64481842,0.71689498,0.87774725,0.14937759,0.33195021
Dansby Swanson,ATL,2021,0.29071332,0.73968836,0.57175926,0.81040892,0.12587413,0.33100233
Starling Marte,- - -,2021,0.34170854,0.71225806,0.64460784,0.87862319,0.18867925,0.32884097
Michael A. Taylor,KCR,2021,0.34290271,0.75785797,0.55348837,0.80645161,0.12427746,0.3265896
Lourdes Gurriel Jr.,TOR,2021,0.37281068,0.69530355,0.65548098,0.86490939,0.12839506,0.32592593
Eric Hosmer,SDP,2021,0.34194529,0.69230769,0.65555556,0.88562092,0.21307506,0.32445521
Francisco Lindor,NYM,2021,0.29935795,0.72202591,0.64075067,0.85644372,0.14246575,0.32328767
David Peralta,ARI,2021,0.30475382,0.67647059,0.64623955,0.90133779,0.17632242,0.32241814
Randy Arozarena,TBR,2021,0.28780813,0.67451382,0.58796296,0.76024279,0.18131868,0.32142857
Anthony Rizzo,- - -,2021,0.3289166,0.64730729,0.72274882,0.87928222,0.14009662,0.32125604
Brandon Crawford,SFG,2021,0.32060461,0.79522184,0.55831266,0.8211731,0.154047,0.31592689
Mark Canha,OAK,2021,0.24382315,0.63100635,0.664,0.87643678,0.16793893,0.31552163
Chris Taylor,LAD,2021,0.24684015,0.72473532,0.49096386,0.78353254,0.15116279,0.31395349
Jazz Chisholm Jr.,MIA,2021,0.33361415,0.65610329,0.61363636,0.81753131,0.17592593,0.30864198
Alex Verdugo,BOS,2021,0.2972973,0.64398422,0.72222222,0.90658499,0.1308204,0.30820399
Jose Altuve,HOU,2021,0.34685864,0.66701461,0.77169811,0.91862285,0.18955513,0.30754352
Austin Hays,BAL,2021,0.3318662,0.64311815,0.59151194,0.88825758,0.16363636,0.30649351
Jonathan Schoop,DET,2021,0.39241334,0.71576959,0.64666667,0.87203166,0.21285141,0.30522088
Mike Yastrzemski,SFG,2021,0.27480916,0.68689057,0.63888889,0.84542587,0.14369501,0.30205279
Matt Chapman,OAK,2021,0.26571614,0.69257951,0.61707317,0.75,0.19642857,0.30059524
Jake Cronenworth,SDP,2021,0.26937269,0.62615955,0.74794521,0.94074074,0.16356108,0.29606625
Trent Grisham,SDP,2021,0.20717781,0.65498938,0.63385827,0.87682334,0.16091954,0.29597701
Josh Rojas,ARI,2021,0.24378882,0.6381323,0.6433121,0.85670732,0.11396011,0.29344729
Nick Solak,TEX,2021,0.3417825,0.62936221,0.68899522,0.84321224,0.18591549,0.29295775
Tommy Edman,STL,2021,0.31202749,0.67560554,0.75991189,0.92573624,0.15942029,0.29166667
Jonathan Villar,NYM,2021,0.3214596,0.74478528,0.57567568,0.815486,0.22222222,0.29012346
Amed Rosario,CLE,2021,0.37016129,0.64956332,0.65795207,0.85210084,0.16820276,0.28801843
Jean Segura,PHI,2021,0.34256927,0.64783047,0.7377451,0.90498442,0.2244898,0.28798186
Dylan Carlson,STL,2021,0.27459016,0.68761726,0.58457711,0.82946794,0.1281407,0.28643216
Josh Harrison,- - -,2021,0.38894096,0.77008653,0.75421687,0.87479936,0.14318707,0.2817552
César Hernández,- - -,2021,0.29043853,0.68855535,0.6460396,0.88692098,0.16210046,0.28082192
DJ LeMahieu,NYY,2021,0.25562914,0.62086957,0.78497409,0.92577031,0.14370079,0.27362205
Robbie Grossman,DET,2021,0.1924505,0.64029975,0.64630225,0.87126138,0.15121951,0.27317073
Isiah Kiner-Falefa,TEX,2021,0.3362256,0.64067127,0.75698925,0.94915254,0.15693431,0.27189781
Elvis Andrus,OAK,2021,0.34556314,0.6753689,0.67901235,0.91596639,0.18439716,0.27186761
Whit Merrifield,KCR,2021,0.32555037,0.73219116,0.75819672,0.88669951,0.12041885,0.2617801
Gleyber Torres,NYY,2021,0.27483444,0.73333333,0.63253012,0.82758621,0.1634349,0.25761773
Nicky Lopez,KCR,2021,0.28231293,0.64315789,0.75,0.92798691,0.15981735,0.25114155
Miguel Rojas,MIA,2021,0.29549393,0.67573964,0.67155425,0.90718039,0.1891253,0.24822695
Jose Iglesias,- - -,2021,0.46946217,0.66491459,0.73398058,0.93083004,0.18826406,0.24694377
Raimel Tapia,COL,2021,0.36657682,0.69651163,0.78676471,0.92654424,0.22511848,0.2464455
Adam Frazier,- - -,2021,0.29823213,0.69486692,0.80154639,0.93296854,0.17578125,0.23828125
J.P. Crawford,SEA,2021,0.25483656,0.65503876,0.7434555,0.92189349,0.20196078,0.2254902
Kevin Newman,PIT,2021,0.3056325,0.62232779,0.79154079,0.94656489,0.18762887,0.22061856
Myles Straw,- - -,2021,0.21902806,0.62667785,0.790625,0.92637216,0.109375,0.21875
David Fletcher,LAA,2021,0.32703863,0.61348528,0.83464567,0.96130031,0.23211169,0.17277487
Aaron Judge,NYY,2022,0.26845638,0.67620751,0.51666667,0.85185185,0.075,0.48
Yordan Alvarez,HOU,2022,0.27501853,0.6678487,0.62533693,0.89557522,0.0916442,0.44204852
Teoscar Hernández,TOR,2022,0.33601286,0.71599045,0.51196172,0.79833333,0.10086455,0.43804035
Max Muncy,LAD,2022,0.21214286,0.61679537,0.59259259,0.82316119,0.11246201,0.41033435
Rowdy Tellez,MIL,2022,0.31017192,0.60542169,0.67898383,0.85737977,0.17518248,0.40389294
Matt Chapman,TOR,2022,0.22946545,0.67905712,0.61931818,0.79706275,0.16353887,0.40214477
Ryan McMahon,COL,2022,0.28521374,0.66166078,0.5995086,0.83044059,0.09893048,0.39572193
Austin Riley,ATL,2022,0.34508816,0.77302944,0.57481752,0.85872236,0.12416851,0.39467849
Matt Olson,ATL,2022,0.32764505,0.75396825,0.66840278,0.79181287,0.16222222,0.39333333
Adolis García,TEX,2022,0.40303222,0.75471698,0.59247649,0.76944444,0.16121495,0.39252336
Kyle Schwarber,PHI,2022,0.24985198,0.62068966,0.58293839,0.8102981,0.16358839,0.38522427
Vladimir Guerrero Jr.,TOR,2022,0.34222222,0.73653281,0.64935065,0.87367021,0.15209125,0.38403042
Mookie Betts,LAD,2022,0.25954738,0.69595262,0.67574932,0.93900709,0.12288136,0.38347458
Shohei Ohtani,LAA,2022,0.32034346,0.74515504,0.62474227,0.81794538,0.08878505,0.38317757
Tommy Pham,- - -,2022,0.255,0.6280543,0.55742297,0.87319885,0.13520408,0.38265306
Manny Machado,SDP,2022,0.34183322,0.76956522,0.64314516,0.8559322,0.16331096,0.3803132
Christian Walker,ARI,2022,0.27194149,0.70067372,0.57701711,0.88186813,0.16122004,0.37908497
Luke Voit,- - -,2022,0.34361549,0.80679157,0.46137787,0.76487663,0.14984709,0.37614679
Alejandro Kirk,TOR,2022,0.26275116,0.6192053,0.77352941,0.90909091,0.14903846,0.375
Corey Seager,TEX,2022,0.35116805,0.81914894,0.53004292,0.88181818,0.10505051,0.37171717
José Abreu,CHW,2022,0.33647207,0.66490765,0.6641791,0.88359788,0.11111111,0.37171717
Freddie Freeman,LAD,2022,0.3131068,0.76108597,0.75,0.87990488,0.12185687,0.36943907
Randal Grichuk,COL,2022,0.36934673,0.71483376,0.62131519,0.88908766,0.15223097,0.3648294
Patrick Wisdom,CHC,2022,0.30045872,0.73405405,0.48091603,0.77025037,0.18685121,0.3633218
Carlos Correa,MIN,2022,0.30838531,0.64344262,0.67865169,0.88057325,0.16790123,0.36049383
Eugenio Suárez,SEA,2022,0.2473822,0.6584022,0.4973545,0.79776848,0.13352273,0.35795455
Rafael Devers,BOS,2022,0.40320233,0.77272727,0.66245487,0.80392157,0.14414414,0.35585586
Taylor Ward,LAA,2022,0.23555889,0.66078838,0.64968153,0.8744113,0.12368421,0.35526316
Yandy Díaz,TBR,2022,0.23076923,0.65726681,0.74035088,0.93234323,0.14009662,0.35507246
Kyle Tucker,HOU,2022,0.3015873,0.84025559,0.6641604,0.88846641,0.14190687,0.35476718
MJ Melendez,KCR,2022,0.27764888,0.68660022,0.62674095,0.81290323,0.13690476,0.35416667
Ryan Mountcastle,BAL,2022,0.41015089,0.81498297,0.62374582,0.80779944,0.12745098,0.35294118
Nathaniel Lowe,TEX,2022,0.34888579,0.75022957,0.65868263,0.86658507,0.15470852,0.35201794
Hunter Renfroe,MIL,2022,0.34403292,0.67610837,0.63636364,0.83970856,0.18435754,0.35195531
Willy Adames,MIL,2022,0.33699382,0.72447968,0.59470468,0.83584131,0.16708229,0.35162095
Brandon Drury,- - -,2022,0.32442748,0.64806867,0.70352941,0.88907285,0.17171717,0.3510101
Carlos Santana,- - -,2022,0.25660066,0.66627635,0.70418006,0.85940246,0.17971014,0.35072464
Brendan Rodgers,COL,2022,0.3136289,0.74020157,0.64659686,0.88048411,0.14849188,0.35034803
Seth Brown,OAK,2022,0.32875667,0.70687711,0.54060325,0.85805423,0.18591549,0.34929577
Bo Bichette,TOR,2022,0.38617886,0.80497132,0.66140351,0.88836105,0.10621242,0.34869739
Anthony Santander,BAL,2022,0.34959852,0.68268268,0.71024735,0.8856305,0.21225383,0.34792123
Cody Bellinger,LAD,2022,0.3449583,0.70468432,0.68571429,0.80924855,0.14444444,0.34722222
Gleyber Torres,NYY,2022,0.31470138,0.74891304,0.62043796,0.82438316,0.12718204,0.34663342
J.D. Martinez,BOS,2022,0.34875691,0.78108395,0.58019802,0.8122449,0.11450382,0.34605598
Julio Rodríguez,SEA,2022,0.37140637,0.71356784,0.58577406,0.81866197,0.13351499,0.34604905
Ketel Marte,ARI,2022,0.30661479,0.68499427,0.73350254,0.86287625,0.1489899,0.3459596
Ronald Acuña Jr.,ATL,2022,0.28504673,0.761959,0.66939891,0.82959641,0.18023256,0.34593023
J.T. Realmuto,PHI,2022,0.34957463,0.69222222,0.6659292,0.83948636,0.15384615,0.34358974
Dansby Swanson,ATL,2022,0.31371321,0.74565972,0.57085828,0.80442375,0.13419913,0.33982684
Christian Yelich,MIL,2022,0.26190476,0.68169522,0.57575758,0.88492063,0.13942308,0.33894231
Pete Alonso,NYM,2022,0.36022514,0.74229075,0.67708333,0.87833828,0.17573222,0.33891213
Daulton Varsho,ARI,2022,0.34758942,0.68695652,0.67561521,0.82278481,0.19083969,0.33842239
Paul Goldschmidt,STL,2022,0.27627439,0.61690647,0.67653759,0.81778426,0.1509434,0.33726415
Marcell Ozuna,ATL,2022,0.36074919,0.69937107,0.58239278,0.84892086,0.16477273,0.33522727
AJ Pollock,CHW,2022,0.3787037,0.76089828,0.63569682,0.88194444,0.16962025,0.33417722
Josh Donaldson,NYY,2022,0.32693784,0.69072165,0.58920188,0.75456053,0.14583333,0.33333333
Gio Urshela,MIN,2022,0.39694656,0.71957041,0.73076923,0.87562189,0.13349515,0.33252427
Trey Mancini,- - -,2022,0.33357092,0.69430052,0.5982906,0.85074627,0.13624679,0.33161954
Will Smith,LAD,2022,0.25365497,0.66167665,0.74927954,0.87481146,0.11778846,0.32692308
Anthony Rizzo,NYY,2022,0.3212268,0.6559633,0.65075377,0.88111888,0.17486339,0.32513661
Rhys Hoskins,PHI,2022,0.25848719,0.63875205,0.58064516,0.86375321,0.14150943,0.32311321
Nelson Cruz,WSN,2022,0.35172982,0.74807198,0.57142857,0.80068729,0.15963855,0.32228916
Mike Yastrzemski,SFG,2022,0.25396825,0.63964844,0.61607143,0.88549618,0.15384615,0.32193732
George Springer,TOR,2022,0.30135891,0.78935939,0.58355438,0.81843191,0.18660287,0.32057416
Sean Murphy,OAK,2022,0.34038055,0.72088143,0.67080745,0.85298399,0.17464115,0.32057416
Justin Turner,LAD,2022,0.31319555,0.72511312,0.73350254,0.8673947,0.12661499,0.32041344
Nolan Arenado,STL,2022,0.360587,0.67964405,0.72093023,0.90834697,0.200409,0.3190184
Trea Turner,LAD,2022,0.3637455,0.74478178,0.60726073,0.85859873,0.16318786,0.31499051
Randy Arozarena,TBR,2022,0.33376623,0.65618661,0.6381323,0.8114374,0.19675926,0.31481481
Alec Bohm,PHI,2022,0.35424354,0.73784355,0.72708333,0.87106017,0.16049383,0.31481481
Andrew McCutchen,MIL,2022,0.24907339,0.71597633,0.59821429,0.85812672,0.13924051,0.31392405
Andrew Benintendi,- - -,2022,0.27853881,0.7490953,0.73442623,0.85507246,0.0974359,0.31282051
Andrew Vaughn,CHW,2022,0.3546798,0.63176064,0.69444444,0.89799636,0.15274463,0.31264916
C.J. Cron,COL,2022,0.3577793,0.64361191,0.651341,0.86865672,0.17067308,0.3125
Francisco Lindor,NYM,2022,0.33782201,0.68956289,0.66724437,0.88098318,0.19047619,0.31150794
Alex Bregman,HOU,2022,0.21812298,0.69467213,0.74480712,0.92035398,0.16839917,0.30977131
Ian Happ,CHC,2022,0.30738523,0.74625468,0.62121212,0.83688833,0.14252336,0.30841121
Bobby Witt Jr.,KCR,2022,0.37264834,0.73101266,0.66796117,0.85569986,0.16052061,0.30802603
Ke'Bryan Hayes,PIT,2022,0.30037175,0.63492063,0.65841584,0.92142857,0.16363636,0.30649351
Alex Verdugo,BOS,2022,0.28958944,0.64920071,0.72658228,0.93296854,0.14424951,0.30604288
Xander Bogaerts,BOS,2022,0.31922043,0.66007905,0.66105263,0.84580838,0.15695067,0.30493274
Austin Hays,BAL,2022,0.39660743,0.6801968,0.64154786,0.90415913,0.21698113,0.30424528
Kyle Farmer,CIN,2022,0.38822593,0.66328829,0.70081967,0.91680815,0.16321839,0.30344828
Trent Grisham,SDP,2022,0.22955975,0.58078141,0.63356164,0.82181818,0.16774194,0.30322581
Ty France,SEA,2022,0.35825315,0.78488372,0.67355372,0.92888889,0.17965368,0.3030303
Jose Altuve,HOU,2022,0.31387363,0.65023474,0.76805252,0.90974729,0.17687075,0.3015873
Brandon Nimmo,NYM,2022,0.26092545,0.65959184,0.69704433,0.89108911,0.18510638,0.3
Josh Rojas,ARI,2022,0.22519413,0.65102975,0.68199234,0.85237258,0.13521127,0.29859155
Bryan Reynolds,PIT,2022,0.35599159,0.74514286,0.56496063,0.8803681,0.12903226,0.29776675
Jesús Aguilar,- - -,2022,0.3890625,0.6574655,0.64457831,0.84732824,0.18285714,0.29714286
Wilmer Flores,SFG,2022,0.30658436,0.68078512,0.71588367,0.90136571,0.16121495,0.29672897
Marcus Semien,TEX,2022,0.29007177,0.74728261,0.64742268,0.9030303,0.1809872,0.29616088
Josh Bell,- - -,2022,0.29070534,0.701417,0.71655329,0.86291486,0.17105263,0.29605263
Elvis Andrus,- - -,2022,0.3282559,0.63045793,0.69605568,0.88682432,0.17832957,0.29571106
Jurickson Profar,SDP,2022,0.27018634,0.65508475,0.72643678,0.88745149,0.20083682,0.29497908
Tommy Edman,STL,2022,0.34202683,0.63793103,0.67538126,0.90937997,0.15598291,0.29487179
Juan Soto,- - -,2022,0.19869126,0.59132841,0.70958084,0.89235569,0.19392523,0.29439252
José Ramírez,CLE,2022,0.32259988,0.67887324,0.78003697,0.92254495,0.19886364,0.29166667
Charlie Blackmon,COL,2022,0.3589527,0.71809101,0.72,0.8748068,0.15186916,0.28738318
Jesse Winker,SEA,2022,0.22265322,0.72021277,0.64808362,0.88330871,0.20505618,0.28651685
Jeremy Peña,HOU,2022,0.4099026,0.76554404,0.52673267,0.87309645,0.16071429,0.28571429
Mark Canha,NYM,2022,0.27699531,0.63297872,0.73163842,0.84201681,0.20867209,0.28455285
Eduardo Escobar,NYM,2022,0.38069074,0.74723926,0.64329897,0.84729064,0.16935484,0.28225806
Luis Arraez,MIN,2022,0.28551336,0.63067608,0.91133005,0.96,0.1025641,0.27810651
Nick Castellanos,PHI,2022,0.43550955,0.77873918,0.54844607,0.83492063,0.16919192,0.27777778
Lane Thomas,WSN,2022,0.29538217,0.63291139,0.68733154,0.89,0.23180593,0.27493261
Ha-Seong Kim,SDP,2022,0.2749616,0.62251656,0.74301676,0.88297872,0.19811321,0.27358491
Yuli Gurriel,HOU,2022,0.37869362,0.65301205,0.80082136,0.93726937,0.18526316,0.27157895
Cedric Mullins,BAL,2022,0.3422576,0.71747212,0.7230444,0.86398964,0.19262295,0.26844262
Javier Báez,DET,2022,0.48716067,0.69135802,0.55271084,0.81547619,0.1459854,0.2676399
Amed Rosario,CLE,2022,0.42533616,0.68367347,0.73377704,0.88358209,0.16226415,0.26415094
Jorge Mateo,BAL,2022,0.39419795,0.72839506,0.54978355,0.83559322,0.18181818,0.26136364
César Hernández,WSN,2022,0.29339143,0.70707071,0.67326733,0.88571429,0.20842572,0.2594235
Andrés Giménez,CLE,2022,0.40764849,0.70306748,0.65469062,0.83944154,0.18134715,0.25647668
Jake Cronenworth,SDP,2022,0.25443383,0.6146789,0.69705094,0.91316147,0.17887931,0.25646552
Starling Marte,NYM,2022,0.35985853,0.68527919,0.65601966,0.87592593,0.17073171,0.25474255
Jonathan Schoop,DET,2022,0.40793201,0.76849315,0.61111111,0.85561497,0.24074074,0.25396825
Whit Merrifield,- - -,2022,0.35004322,0.71478463,0.7382716,0.87459283,0.15690867,0.25058548
Jeff McNeil,NYM,2022,0.3381725,0.7885906,0.79545455,0.8964539,0.14255765,0.24737945
Myles Straw,CLE,2022,0.23417722,0.59945255,0.78378378,0.9391172,0.15198238,0.24669604
Luis Rengifo,LAA,2022,0.39851024,0.78600269,0.68925234,0.87671233,0.18004866,0.24087591
Nico Hoerner,CHC,2022,0.36235955,0.67148489,0.77002584,0.93933464,0.157277,0.23943662
Thairo Estrada,SFG,2022,0.35525192,0.6873385,0.69230769,0.90789474,0.19506173,0.23703704
DJ LeMahieu,NYY,2022,0.27594728,0.54690832,0.80298507,0.92007797,0.15789474,0.22807018
J.P. Crawford,SEA,2022,0.24270463,0.62990654,0.771261,0.92581602,0.21573034,0.22247191
Adam Frazier,SEA,2022,0.32698413,0.70032223,0.7815534,0.92638037,0.17991632,0.20920502
Miguel Rojas,MIA,2022,0.34447539,0.66802168,0.70889488,0.95943205,0.1884058,0.20772947
Isiah Kiner-Falefa,NYY,2022,0.33119854,0.5964497,0.81767956,0.95634921,0.18377088,0.20047733
Tony Kemp,OAK,2022,0.3301477,0.68191964,0.79736842,0.93617021,0.16743119,0.19266055
Steven Kwan,CLE,2022,0.23347107,0.55294118,0.84955752,0.95440729,0.17288802,0.18860511
Corey Seager,TEX,2023,0.33611111,0.85509138,0.55096419,0.89465649,0.08607595,0.4835443
Ronald Acuña Jr.,ATL,2023,0.26786824,0.72804774,0.73781903,0.87822014,0.10142349,0.46085409
Ryan McMahon,COL,2023,0.3011734,0.68956954,0.58658009,0.76230492,0.12777778,0.43055556
Jorge Soler,MIA,2023,0.29236111,0.68685714,0.60095012,0.85357737,0.13351499,0.43051771
Shohei Ohtani,LAA,2023,0.33309659,0.70723684,0.56503198,0.81395349,0.09803922,0.42857143
Matt Olson,ATL,2023,0.29465241,0.73464373,0.69509982,0.77703456,0.11235955,0.42696629
Adolis García,TEX,2023,0.32956685,0.74303406,0.5847619,0.78888889,0.11168831,0.42597403
MJ Melendez,KCR,2023,0.29808375,0.72356935,0.54285714,0.76809651,0.07084469,0.41961853
Yandy Díaz,TBR,2023,0.22771536,0.68462292,0.68092105,0.90128755,0.10623557,0.41801386
Marcell Ozuna,ATL,2023,0.32503556,0.71845673,0.595186,0.85050798,0.13065327,0.41457286
Rafael Devers,BOS,2023,0.36050157,0.79065041,0.70782609,0.79820051,0.15317287,0.41356674
Austin Riley,ATL,2023,0.31024096,0.71856786,0.5961165,0.83082271,0.12631579,0.41263158
Juan Soto,SDP,2023,0.19954649,0.60194175,0.67613636,0.89882698,0.14831461,0.41123596
Mookie Betts,LAD,2023,0.2,0.63014899,0.6433121,0.93880389,0.09958506,0.41078838
Josh Jung,TEX,2023,0.36127917,0.74205379,0.58373206,0.84019769,0.07598784,0.41033435
Jake Burger,- - -,2023,0.41264559,0.72189349,0.50604839,0.82622951,0.18731988,0.4092219
Bryce Harper,PHI,2023,0.36629213,0.79562044,0.52760736,0.83119266,0.14619883,0.40643275
Fernando Tatis Jr.,SDP,2023,0.35683761,0.81740064,0.58283433,0.80289093,0.12328767,0.40639269
Matt Chapman,TOR,2023,0.22516556,0.69230769,0.59803922,0.78306878,0.16184971,0.4017341
Teoscar Hernández,SEA,2023,0.38461538,0.74932615,0.49833333,0.79136691,0.1567696,0.39904988
Spencer Torkelson,DET,2023,0.27721519,0.7019544,0.62100457,0.8549884,0.15909091,0.39772727
Gunnar Henderson,BAL,2023,0.28984433,0.69507576,0.62404092,0.82697548,0.11386139,0.39356436
Lourdes Gurriel Jr.,ARI,2023,0.33438238,0.70021186,0.69882353,0.92284418,0.14222222,0.39333333
Christian Yelich,MIL,2023,0.28020901,0.70330739,0.5967366,0.85338866,0.1459854,0.39172749
Kyle Schwarber,PHI,2023,0.24124726,0.5733871,0.54195011,0.80168776,0.17158177,0.39142091
Anthony Santander,BAL,2023,0.37696335,0.67785235,0.70833333,0.85855728,0.19413093,0.38826185
Kyle Tucker,HOU,2023,0.25915688,0.73107747,0.696,0.90377588,0.11788618,0.38821138
Julio Rodríguez,SEA,2023,0.40972685,0.72970297,0.58861789,0.85074627,0.14137214,0.38669439
Randy Arozarena,TBR,2023,0.29969419,0.63505747,0.63673469,0.78883861,0.135,0.385
Ketel Marte,ARI,2023,0.27700831,0.70067372,0.67,0.89010989,0.14193548,0.3827957
Paul Goldschmidt,STL,2023,0.29123237,0.63815789,0.68210526,0.79768041,0.14022989,0.3816092
Brandon Nimmo,NYM,2023,0.24023062,0.64463453,0.648,0.88057901,0.13968958,0.38137472
Elias Díaz,COL,2023,0.3976802,0.78249678,0.60625,0.85197368,0.17204301,0.37903226
Seiya Suzuki,CHC,2023,0.2353812,0.62397072,0.68553459,0.86510264,0.14030612,0.37755102
Brent Rooker,OAK,2023,0.31965272,0.66440678,0.44938272,0.78571429,0.11864407,0.37627119
Bobby Witt Jr.,KCR,2023,0.34384858,0.73273543,0.68440367,0.86168911,0.15311909,0.37618147
Max Muncy,LAD,2023,0.26043738,0.59631148,0.57760814,0.81443299,0.13432836,0.3761194
Michael Harris II,ATL,2023,0.41600704,0.68176255,0.68287526,0.86175943,0.16666667,0.375
Maikel Garcia,KCR,2023,0.24385805,0.65691789,0.69776119,0.87671233,0.13888889,0.37222222
Triston Casas,BOS,2023,0.25971878,0.68581477,0.6433121,0.8034188,0.13114754,0.3704918
Ke'Bryan Hayes,PIT,2023,0.3330373,0.62718204,0.656,0.92445328,0.10178117,0.36895674
Freddie Freeman,LAD,2023,0.30082331,0.79180887,0.68842105,0.88038793,0.10556622,0.36852207
Eugenio Suárez,SEA,2023,0.26420798,0.68534828,0.50800915,0.80373832,0.12911392,0.36708861
Ozzie Albies,ATL,2023,0.38800255,0.79476861,0.69736842,0.90632911,0.11468813,0.36619718
Carlos Correa,MIN,2023,0.30096368,0.6376652,0.63793103,0.86873921,0.16839378,0.36528497
Vladimir Guerrero Jr.,TOR,2023,0.32456747,0.76807229,0.64605544,0.87320261,0.15810277,0.36363636
Lars Nootbaar,STL,2023,0.20429185,0.54455446,0.72268908,0.89090909,0.14803625,0.36253776
Nick Castellanos,PHI,2023,0.42799732,0.77730193,0.49608764,0.815427,0.12751678,0.36241611
Nathaniel Lowe,TEX,2023,0.25961538,0.6854902,0.67538126,0.89588101,0.1626898,0.36008677
Bo Bichette,TOR,2023,0.40775194,0.78372591,0.69391635,0.90710383,0.13596491,0.35964912
Manny Machado,SDP,2023,0.31990881,0.72727273,0.63657957,0.859375,0.16590909,0.35909091
Salvador Perez,KCR,2023,0.49531981,0.77506427,0.6015748,0.83913765,0.16545012,0.35766423
William Contreras,MIL,2023,0.27928571,0.64082434,0.61892583,0.81623277,0.14388489,0.35731415
Austin Hays,BAL,2023,0.3354531,0.65277778,0.55924171,0.86702128,0.14583333,0.35677083
Will Smith,LAD,2023,0.28358209,0.70168067,0.77105263,0.86077844,0.14211886,0.35658915
Brandon Drury,LAA,2023,0.3826087,0.70602706,0.56363636,0.83972125,0.17514124,0.3559322
Francisco Lindor,NYM,2023,0.30540037,0.7300885,0.66056911,0.87272727,0.1440678,0.35381356
Lane Thomas,WSN,2023,0.30609598,0.62084871,0.6440678,0.897474,0.19172113,0.35294118
Bryan De La Cruz,MIA,2023,0.35804943,0.71958763,0.63619403,0.80515759,0.12443439,0.35294118
Willy Adames,MIL,2023,0.35559678,0.73646578,0.56521739,0.83495146,0.18274112,0.35279188
Alex Verdugo,BOS,2023,0.25237342,0.58636364,0.70219436,0.94263566,0.15938865,0.35152838
Cal Raleigh,SEA,2023,0.345,0.72465315,0.59627329,0.80559647,0.20505618,0.3511236
Dansby Swanson,CHC,2023,0.28368314,0.73333333,0.61336516,0.79292929,0.12106538,0.35108959
J.D. Davis,SFG,2023,0.30336134,0.82834994,0.49030471,0.78208556,0.11976048,0.3502994
Trea Turner,PHI,2023,0.38292683,0.76618357,0.5589172,0.84615385,0.14693878,0.34897959
Pete Alonso,NYM,2023,0.30155642,0.640625,0.64731183,0.84603659,0.16389549,0.34679335
Andrew Vaughn,CHW,2023,0.34928571,0.66630316,0.6400818,0.89361702,0.13211845,0.34624146
Marcus Semien,TEX,2023,0.25339088,0.76975361,0.66180049,0.91169978,0.13120567,0.34397163
Jack Suwinski,PIT,2023,0.22004521,0.62473795,0.52739726,0.81375839,0.17793594,0.34163701
Eddie Rosario,ATL,2023,0.4592721,0.74270557,0.64528302,0.79821429,0.12256267,0.33983287
Tyler Stephenson,CIN,2023,0.27464195,0.63341067,0.56441718,0.84981685,0.11178248,0.33836858
Nolan Arenado,STL,2023,0.3676681,0.67080045,0.68871595,0.91932773,0.16702355,0.33832976
Tommy Edman,STL,2023,0.3111332,0.63636364,0.71565495,0.94129159,0.17661692,0.33830846
DJ LeMahieu,NYY,2023,0.25934765,0.55867603,0.70245399,0.89766607,0.14705882,0.3368984
Anthony Volpe,NYY,2023,0.32011967,0.68537074,0.5771028,0.83918129,0.13262599,0.33687003
Jonathan India,CIN,2023,0.22222222,0.596054,0.62681159,0.87804878,0.13920455,0.33522727
Alex Bregman,HOU,2023,0.22262118,0.6332737,0.74731183,0.94067797,0.141527,0.33519553
Luis Robert Jr.,CHW,2023,0.43302892,0.79909707,0.51845343,0.81920904,0.18882979,0.33510638
Joey Meneses,WSN,2023,0.3428382,0.6705314,0.64410058,0.89193084,0.16115702,0.33471074
George Springer,TOR,2023,0.27519657,0.76085031,0.63376623,0.87427241,0.15885947,0.33401222
Corbin Carroll,ARI,2023,0.30538085,0.66966967,0.6819222,0.88490284,0.14222222,0.33333333
Jurickson Profar,- - -,2023,0.27707809,0.72368421,0.66363636,0.8969697,0.19518717,0.3315508
Matt Vierling,DET,2023,0.30620805,0.61341853,0.73424658,0.90104167,0.18699187,0.33062331
Christian Walker,ARI,2023,0.30384615,0.73987399,0.58649789,0.85158151,0.1987041,0.33045356
J.T. Realmuto,PHI,2023,0.3411176,0.72017837,0.63814181,0.83436533,0.14606742,0.32865169
Gleyber Torres,NYY,2023,0.29483871,0.71103008,0.68708972,0.87820513,0.12326044,0.32803181
Josh Bell,- - -,2023,0.31132075,0.73516949,0.62554113,0.86743516,0.14663462,0.32692308
Isaac Paredes,TBR,2023,0.32035519,0.67813541,0.71641791,0.91325696,0.1722365,0.32647815
Bryan Reynolds,PIT,2023,0.30231065,0.7505176,0.54989384,0.85793103,0.1040724,0.32352941
LaMonte Wade Jr.,SFG,2023,0.20647773,0.65242494,0.60784314,0.8920354,0.16129032,0.32258065
Carlos Santana,- - -,2023,0.27393431,0.70194175,0.69132653,0.85062241,0.18888889,0.32222222
Spencer Steer,CIN,2023,0.27672131,0.65112263,0.65876777,0.85278515,0.1655481,0.32214765
Hunter Renfroe,- - -,2023,0.36349206,0.72565321,0.62445415,0.85761047,0.18085106,0.32180851
José Ramírez,CLE,2023,0.3086262,0.70278044,0.7494824,0.92496589,0.16544118,0.31801471
Leody Taveras,TEX,2023,0.32311516,0.71603563,0.62051282,0.86936236,0.14214464,0.31670823
Ezequiel Tovar,COL,2023,0.45402299,0.80957684,0.55696203,0.84731774,0.12857143,0.31666667
Orlando Arcia,ATL,2023,0.28748964,0.68756757,0.6426513,0.84433962,0.19794344,0.31619537
Alec Bohm,PHI,2023,0.34328358,0.70071502,0.74599542,0.90670554,0.15319149,0.31489362
Jeimer Candelario,- - -,2023,0.31968391,0.69925611,0.65393258,0.87234043,0.16230366,0.31413613
Ian Happ,CHC,2023,0.2676311,0.68692756,0.63288288,0.84484848,0.15473441,0.31177829
J.P. Crawford,SEA,2023,0.21933333,0.6040744,0.69908815,0.90322581,0.18599034,0.3115942
Mark Canha,- - -,2023,0.26666667,0.61111111,0.71518987,0.89454545,0.1878453,0.30662983
Justin Turner,BOS,2023,0.29583058,0.65112263,0.73154362,0.90981432,0.12555066,0.3061674
Keibert Ruiz,WSN,2023,0.39449541,0.67001255,0.78372093,0.94007491,0.19271949,0.30406852
Thairo Estrada,SFG,2023,0.40034513,0.67801047,0.65732759,0.92084942,0.192,0.304
Bryson Stott,PHI,2023,0.32320442,0.58915366,0.8034188,0.90655509,0.11133603,0.30364372
Xander Bogaerts,SDP,2023,0.28639133,0.60291595,0.6855792,0.88335704,0.16056911,0.30081301
Trent Grisham,SDP,2023,0.24324324,0.6166348,0.60952381,0.82015504,0.16875,0.3
Jeremy Peña,HOU,2023,0.3813987,0.75438596,0.53119093,0.89680233,0.15111111,0.3
Adley Rutschman,BAL,2023,0.27037887,0.61962134,0.77070064,0.92361111,0.16260163,0.29878049
Luis Arraez,MIA,2023,0.35708227,0.68839104,0.91448931,0.95266272,0.09926471,0.29779412
Masataka Yoshida,BOS,2023,0.29303107,0.59940358,0.73352436,0.88723051,0.18995633,0.29475983
Daulton Varsho,TOR,2023,0.32382421,0.71062992,0.64047619,0.87119114,0.1969697,0.29292929
Cody Bellinger,CHC,2023,0.35313531,0.68677249,0.71962617,0.87365177,0.15566038,0.29245283
Amed Rosario,- - -,2023,0.42880795,0.69909209,0.68532819,0.8812616,0.17391304,0.29227053
James Outman,LAD,2023,0.28077754,0.71725572,0.45641026,0.78405797,0.16993464,0.29084967
CJ Abrams,WSN,2023,0.38558987,0.72257384,0.70020534,0.87883212,0.17738359,0.29046563
José Abreu,HOU,2023,0.38896747,0.663286,0.64181818,0.85626911,0.1875,0.28605769
Javier Báez,DET,2023,0.45985401,0.69335142,0.58201058,0.81996086,0.14175258,0.28350515
Tim Anderson,CHW,2023,0.38588451,0.72588235,0.64133017,0.85575365,0.12868633,0.28150134
Zach McKinstry,DET,2023,0.30546358,0.69068736,0.66937669,0.90850722,0.12359551,0.2752809
Ty France,SEA,2023,0.37940762,0.74677259,0.63754647,0.91489362,0.16985138,0.27176221
Ha-Seong Kim,SDP,2023,0.22999328,0.57177419,0.76315789,0.88152327,0.18160377,0.26886792
Andrés Giménez,CLE,2023,0.42744818,0.70432946,0.68896321,0.84407796,0.21681416,0.26769912
Enrique Hernández,- - -,2023,0.30660793,0.68636912,0.63218391,0.87170475,0.17379679,0.26470588
Dominic Smith,WSN,2023,0.33881064,0.69742489,0.72979215,0.87538462,0.16210046,0.26255708
Jake Cronenworth,SDP,2023,0.309797,0.67313916,0.74928775,0.93108974,0.17983651,0.25613079
Whit Merrifield,TOR,2023,0.36370903,0.70147679,0.74065934,0.87669173,0.17256637,0.25442478
TJ Friedl,CIN,2023,0.27691044,0.58137155,0.71513353,0.90492958,0.15647922,0.24938875
Andrew Benintendi,CHW,2023,0.31749623,0.70926829,0.75059382,0.87207703,0.13836478,0.24528302
Nico Hoerner,CHC,2023,0.33516862,0.61325967,0.80698152,0.94744745,0.19372694,0.23431734
Jeff McNeil,NYM,2023,0.33848657,0.76635514,0.77403846,0.93631436,0.18631179,0.20722433
Steven Kwan,CLE,2023,0.24790187,0.60355487,0.796875,0.95646607,0.13157895,0.18421053
Myles Straw,CLE,2023,0.27071291,0.6197479,0.82206406,0.91355932,0.17241379,0.18037135
Aaron Judge,NYY,2024,0.21256606,0.71912014,0.48895028,0.80705882,0.07179487,0.47692308
Kyle Schwarber,PHI,2024,0.24014337,0.62648557,0.52238806,0.80216802,0.15885417,0.44270833
Shohei Ohtani,LAD,2024,0.30466384,0.70513901,0.5944334,0.81959379,0.10647182,0.44258873
Gunnar Henderson,BAL,2024,0.26157547,0.68613139,0.62298851,0.85815603,0.13473684,0.43368421
Corey Seager,TEX,2024,0.31734317,0.82360406,0.58430233,0.89060092,0.08661417,0.43307087
Ketel Marte,ARI,2024,0.29258354,0.73311547,0.67409471,0.87964339,0.10810811,0.42997543
Juan Soto,NYY,2024,0.21299435,0.60084034,0.67374005,0.86433566,0.12581345,0.42950108
Oneil Cruz,PIT,2024,0.33473096,0.65578947,0.53235908,0.78170144,0.11813187,0.41483516
Vladimir Guerrero Jr.,TOR,2024,0.30628803,0.7103139,0.66666667,0.87752525,0.1221374,0.41221374
Yordan Alvarez,HOU,2024,0.33504776,0.6910299,0.68421053,0.90705128,0.12364425,0.40997831
Rafael Devers,BOS,2024,0.33261339,0.75659229,0.65151515,0.76005362,0.16145833,0.40885417
William Contreras,MIL,2024,0.29082915,0.74261993,0.57235421,0.83726708,0.1328976,0.40087146
Marcell Ozuna,ATL,2024,0.2962963,0.74862385,0.54924242,0.81372549,0.13863636,0.4
Taylor Ward,LAA,2024,0.23347107,0.68439407,0.56932153,0.84840764,0.09069767,0.4
Paul Goldschmidt,STL,2024,0.32308698,0.67199327,0.65587045,0.80600751,0.10981308,0.39953271
Bryce Harper,PHI,2024,0.36602564,0.80528053,0.58143608,0.88251366,0.12289157,0.39518072
Cal Raleigh,SEA,2024,0.36090727,0.76059113,0.58040665,0.81735751,0.16489362,0.39361702
Logan O'Hoppe,LAA,2024,0.37873754,0.7403599,0.53289474,0.80729167,0.12576687,0.38957055
Ryan McMahon,COL,2024,0.30359521,0.67076167,0.57017544,0.80708181,0.10621762,0.38860104
Christian Walker,ARI,2024,0.2829912,0.76631579,0.58031088,0.85714286,0.1440678,0.38700565
Brent Rooker,OAK,2024,0.34120917,0.74760383,0.46232179,0.83903134,0.13941019,0.38605898
Seiya Suzuki,CHC,2024,0.23565159,0.62743191,0.62750716,0.85736434,0.14044944,0.38483146
Jesús Sánchez,MIA,2024,0.39212469,0.74740933,0.57322176,0.83362218,0.14529915,0.38461538
Jake Burger,MIA,2024,0.41306058,0.69839308,0.57142857,0.84778761,0.15681234,0.37789203
Ian Happ,CHC,2024,0.27148438,0.70042194,0.60191847,0.81686747,0.15384615,0.37717122
Matt Chapman,SFG,2024,0.27718833,0.65776294,0.68660287,0.84898477,0.16706444,0.37470167
Jorge Soler,- - -,2024,0.29803647,0.66524064,0.53882353,0.85691318,0.15449438,0.37359551
Vinnie Pasquantino,KCR,2024,0.33811802,0.67425968,0.78066038,0.94256757,0.14578588,0.37357631
Manny Machado,SDP,2024,0.33456699,0.7519305,0.62610619,0.8703466,0.13319239,0.37209302
Elly De La Cruz,CIN,2024,0.29652227,0.62410072,0.49794239,0.8054755,0.0942928,0.36972705
Rhys Hoskins,MIL,2024,0.28060413,0.61522843,0.66572238,0.83168317,0.16993464,0.36928105
Colton Cowser,BAL,2024,0.27638573,0.66297787,0.5,0.82852807,0.10606061,0.36666667
Brenton Doyle,COL,2024,0.33719136,0.77030162,0.51029748,0.87048193,0.13715711,0.36658354
Francisco Lindor,NYM,2024,0.30506246,0.7147651,0.66163793,0.85446009,0.12348178,0.36639676
Julio Rodríguez,SEA,2024,0.40546075,0.76278564,0.58585859,0.82168331,0.14285714,0.36561743
Alec Bohm,PHI,2024,0.31031543,0.7278481,0.70054945,0.92318841,0.1371308,0.3649789
Eugenio Suárez,ARI,2024,0.30480167,0.68959276,0.50684932,0.85564304,0.14778325,0.36453202
Shea Langeliers,OAK,2024,0.34438776,0.71113831,0.58765432,0.83648881,0.17492711,0.36443149
Adolis García,TEX,2024,0.37091608,0.75950668,0.5388601,0.78755074,0.17114914,0.36430318
Teoscar Hernández,LAD,2024,0.32848645,0.76347032,0.51307847,0.78708134,0.13930348,0.36318408
Salvador Perez,KCR,2024,0.46411483,0.77565632,0.62297496,0.86461538,0.13704497,0.36188437
Ezequiel Tovar,COL,2024,0.48118812,0.82625864,0.52400549,0.83512545,0.13062099,0.36188437
Yandy Díaz,TBR,2024,0.25624082,0.66545123,0.77077364,0.9260274,0.15889831,0.36016949
Matt Olson,ATL,2024,0.33333333,0.73200993,0.70120898,0.80677966,0.14942529,0.35862069
Jackson Chourio,MIL,2024,0.34035383,0.68092105,0.5990099,0.86151369,0.15609756,0.35853659
Brandon Nimmo,NYM,2024,0.27562062,0.67744681,0.6073903,0.88442211,0.13221154,0.35576923
Jackson Merrill,SDP,2024,0.3832,0.80685358,0.70146138,0.87644788,0.12337662,0.35497835
Bobby Witt Jr.,KCR,2024,0.35448718,0.74783446,0.69981917,0.88416988,0.14684015,0.35315985
Anthony Santander,BAL,2024,0.37515006,0.6875,0.7648,0.87109905,0.18895966,0.35031847
José Ramírez,CLE,2024,0.34830769,0.70630631,0.78268551,0.92219388,0.16176471,0.34926471
Wyatt Langford,TEX,2024,0.26972201,0.6572973,0.68523677,0.86019737,0.18346253,0.34883721
Pete Alonso,NYM,2024,0.29447115,0.62903226,0.61836735,0.88034188,0.1571754,0.34851936
Bryan Reynolds,PIT,2024,0.34495641,0.75951904,0.57761733,0.84036939,0.13006397,0.34541578
Will Smith,LAD,2024,0.2993921,0.68691099,0.71319797,0.88109756,0.11375661,0.34391534
Randy Arozarena,- - -,2024,0.27299881,0.61727273,0.64551422,0.78497791,0.16666667,0.34114583
Andrew McCutchen,PIT,2024,0.2160596,0.67853403,0.55938697,0.80864198,0.17981073,0.34069401
Jazz Chisholm Jr.,- - -,2024,0.31589814,0.67754319,0.62309368,0.79886686,0.1407767,0.33980583
Jarren Duran,BOS,2024,0.31238447,0.70819672,0.60157791,0.88657407,0.1592233,0.33980583
Trea Turner,PHI,2024,0.3830313,0.76357057,0.56344086,0.8957346,0.13480392,0.33823529
Christopher Morel,- - -,2024,0.2965368,0.71917098,0.54987835,0.76368876,0.18635171,0.33595801
Lane Thomas,- - -,2024,0.26728499,0.66479821,0.65299685,0.87015177,0.20588235,0.33529412
Riley Greene,DET,2024,0.26353791,0.68266405,0.60547945,0.83213773,0.08659218,0.33519553
CJ Abrams,WSN,2024,0.38762725,0.71719227,0.67878788,0.83687943,0.17703349,0.33492823
Carlos Santana,MIN,2024,0.27017544,0.667001,0.67012987,0.85413534,0.19811321,0.33490566
Ryan Mountcastle,BAL,2024,0.40523466,0.7790404,0.65256125,0.85737439,0.13972603,0.33424658
Spencer Steer,CIN,2024,0.28655738,0.66697164,0.60183066,0.90260631,0.18223235,0.33257403
Andrew Vaughn,CHW,2024,0.36151603,0.68290155,0.65927419,0.90288316,0.1738149,0.33182844
Corbin Carroll,ARI,2024,0.2769135,0.61287224,0.71910112,0.88401254,0.20382166,0.33121019
Nick Castellanos,PHI,2024,0.40775988,0.82106339,0.53500898,0.85429639,0.12793177,0.33049041
JJ Bleday,OAK,2024,0.28407557,0.6983017,0.58907363,0.86981402,0.17410714,0.328125
Mookie Betts,LAD,2024,0.22930464,0.65435042,0.68592058,0.94899818,0.14105793,0.32745592
Bryan De La Cruz,- - -,2024,0.37050106,0.77151639,0.60952381,0.81142098,0.12649165,0.32696897
Zach Neto,LAA,2024,0.35022355,0.67793031,0.59361702,0.85046729,0.13759214,0.32678133
Marcus Semien,TEX,2024,0.30314708,0.78671656,0.64194915,0.90368609,0.16849817,0.32600733
Willy Adames,MIL,2024,0.31518258,0.73208191,0.57113821,0.83566434,0.16363636,0.325
Freddie Freeman,LAD,2024,0.3067649,0.76482021,0.75327511,0.86022872,0.12444444,0.32444444
Josh Bell,- - -,2024,0.31415929,0.75056689,0.62206573,0.85951662,0.152019,0.32304038
Jurickson Profar,SDP,2024,0.25997426,0.707173,0.72029703,0.90453461,0.15010571,0.32135307
Lourdes Gurriel Jr.,ARI,2024,0.35376968,0.72488584,0.68149883,0.8992126,0.17985612,0.32134293
Yainer Diaz,HOU,2024,0.45747126,0.79586877,0.65494137,0.8870229,0.11934156,0.31893004
Tyler Stephenson,CIN,2024,0.27369353,0.65318627,0.58899676,0.9043152,0.14327485,0.31871345
Luis García Jr.,WSN,2024,0.38537906,0.69806452,0.70725995,0.89463956,0.14939759,0.31807229
Heliot Ramos,SFG,2024,0.3302521,0.75395859,0.5394402,0.84975767,0.16569767,0.31686047
Josh Naylor,CLE,2024,0.35479256,0.73672316,0.69758065,0.86656442,0.16017316,0.31385281
Alex Verdugo,NYY,2024,0.28342674,0.62854529,0.73728814,0.93158661,0.14435146,0.31380753
Orlando Arcia,ATL,2024,0.31222057,0.73131313,0.59665871,0.86187845,0.19489559,0.31322506
Willi Castro,MIN,2024,0.35907859,0.73088093,0.53962264,0.86754967,0.15012107,0.31234867
Dansby Swanson,CHC,2024,0.28197227,0.73982971,0.57650273,0.80179028,0.15012723,0.31043257
Jesse Winker,- - -,2024,0.2287234,0.67486631,0.66666667,0.87638669,0.2006079,0.3100304
Jake Cronenworth,SDP,2024,0.26534653,0.66774454,0.71393035,0.91404358,0.1663067,0.30885529
Michael Busch,CHC,2024,0.27446809,0.70964361,0.55555556,0.85376662,0.14497041,0.30769231
Andrew Benintendi,CHW,2024,0.27937095,0.71115974,0.71192053,0.87076923,0.15364583,0.30729167
Brendan Donovan,STL,2024,0.26676385,0.64721724,0.73497268,0.93203883,0.16634051,0.3072407
George Springer,TOR,2024,0.28416149,0.75346535,0.6147541,0.84362681,0.1712963,0.30324074
Maikel Garcia,KCR,2024,0.24825986,0.65229616,0.73208723,0.9137931,0.12266112,0.3014553
Joey Ortiz,MIL,2024,0.26649958,0.55507559,0.73667712,0.92217899,0.1849711,0.30057803
Jake Meyers,HOU,2024,0.32803738,0.71084337,0.53276353,0.88323917,0.14529915,0.2991453
Alex Bregman,HOU,2024,0.26544118,0.69119071,0.8033241,0.92717087,0.18236473,0.29859719
Jonathan India,CIN,2024,0.21279461,0.59811482,0.67088608,0.8982808,0.17266187,0.29736211
Daulton Varsho,TOR,2024,0.29502573,0.71363116,0.64244186,0.82664526,0.22222222,0.2962963
Nathaniel Lowe,TEX,2024,0.27138643,0.639,0.66847826,0.89514867,0.18082192,0.29589041
Alec Burleson,STL,2024,0.3869637,0.78232044,0.74200426,0.88841808,0.13389121,0.29497908
Justin Turner,- - -,2024,0.28560548,0.67428004,0.768,0.89543446,0.14516129,0.29301075
Brendan Rodgers,COL,2024,0.32006774,0.7212932,0.56349206,0.87944359,0.13978495,0.29032258
Ty France,- - -,2024,0.32013479,0.78333333,0.60789474,0.88905775,0.14054054,0.28648649
Adley Rutschman,BAL,2024,0.3239813,0.61004566,0.77731959,0.89670659,0.15578947,0.28631579
Leody Taveras,TEX,2024,0.31656548,0.70877193,0.59452055,0.85643564,0.176,0.28533333
Jose Altuve,HOU,2024,0.39646134,0.69719828,0.70082645,0.88562597,0.1611002,0.2848723
Zack Gelof,OAK,2024,0.32838428,0.74505495,0.45478723,0.76253687,0.10410095,0.28391167
Bryson Stott,PHI,2024,0.32052267,0.59145129,0.79856115,0.89411765,0.17298578,0.27962085
Colt Keith,DET,2024,0.32693984,0.69791667,0.608,0.89552239,0.15686275,0.27941176
Matt Vierling,DET,2024,0.25558122,0.64940239,0.6746988,0.90184049,0.17164179,0.27860697
Cody Bellinger,CHC,2024,0.35119048,0.6890849,0.69975787,0.864,0.17361111,0.27314815
Nolan Arenado,STL,2024,0.33523132,0.64627151,0.73673036,0.91863905,0.18661258,0.27180527
Gleyber Torres,NYY,2024,0.25995025,0.71723001,0.69617225,0.84252874,0.14099783,0.26898048
Jeremy Peña,HOU,2024,0.39169139,0.74458874,0.58333333,0.91569767,0.186,0.266
Josh Smith,TEX,2024,0.30038911,0.66794626,0.65803109,0.87931034,0.16216216,0.26535627
Masyn Winn,STL,2024,0.32987552,0.64234234,0.7148847,0.91023843,0.19341564,0.26337449
Brice Turang,MIL,2024,0.31676558,0.64438503,0.80562061,0.92392808,0.15367965,0.25974026
Ceddanne Rafaela,BOS,2024,0.49548811,0.78705882,0.58443709,0.79671151,0.1959799,0.25376884
Steven Kwan,CLE,2024,0.22203673,0.5966908,0.83082707,0.97227036,0.14153132,0.25058005
Anthony Volpe,NYY,2024,0.32375979,0.65901899,0.66935484,0.86434574,0.15843621,0.24691358
Nolan Schanuel,LAA,2024,0.25473071,0.6395112,0.78857143,0.91242038,0.13849765,0.24647887
Isaac Paredes,- - -,2024,0.29638273,0.67427568,0.73622047,0.90625,0.21218962,0.24379233
Andrés Giménez,CLE,2024,0.40751658,0.74880153,0.66907776,0.87836108,0.18989899,0.24040404
Luis Arraez,- - -,2024,0.36818182,0.64748858,0.90740741,0.96614951,0.15220949,0.22913257
Jacob Young,WSN,2024,0.28571429,0.59668508,0.72,0.89444444,0.17287234,0.20478723
Nico Hoerner,CHC,2024,0.35155657,0.65295888,0.81209503,0.95084485,0.20038536,0.20423892
Sal Frelick,MIL,2024,0.29594478,0.56257046,0.80174927,0.93987976,0.24,0.1825
